序号,年,月,日,新总面积,新住宅数,新住宅面积,旧总面积,旧住宅数,旧住宅面积,,,
0,2022,10,16,5268.16,2,216.12,,,,,,
1,2022,10,15,7369.87,15,1503.99,6941.8,62,6066,,,
2,2022,10,14,103980.87,540,68232.46,70811.45,696,64555.43,,,
3,2022,10,13,95786.07,500,65368.87,70714.56,663,64467.87,,,
4,2022,10,12,91852.08,503,63655.04,67488.74,627,58866.75,,,
5,2022,10,11,97314.94,446,57288.53,62456.21,599,56378.87,,,
6,2022,10,10,88763.01,399,53189.76,62518.04,600,57208.25,,,
7,2022,10,9,120428.81,466,62096.7,69154.91,632,59438.95,,,
8,2022,10,8,70047.6,387,52439.67,70158.34,651,62873.82,,,
9,2022,10,7,2844.66,0,0,,,,,,
10,2022,10,5,3453.69,0,0,,,,,,
11,2022,10,4,26200.9,0,0,,,,,,
12,2022,10,3,4412.06,6,633.94,,,,,,
13,2022,10,2,1738.06,2,255.25,,,,,,
14,2022,10,1,12685.45,41,7950.03,,,,,,
15,2022,9,30,77988.18,453,52931.79,52316.3,471,47205.48,,,
16,2022,9,29,86544.59,399,59015.12,57920.65,536,52287.37,,,
17,2022,9,28,115974.02,662,89642.63,64829.99,632,58160.88,,,
18,2022,9,27,88578.25,454,59546.31,73438.71,663,62892.66,,,
19,2022,9,26,113994.47,633,86226.17,81505.12,789,74599.93,,,
20,2022,9,25,7266.75,6,708.92,,,,,,
21,2022,9,24,17916.34,23,2737.48,10998.3,95,9764.91,,,
22,2022,9,23,85219.05,448,61764.13,72832.74,680,66633.72,,,
23,2022,9,22,89502.72,445,57788.45,52263.79,500,48779.64,,,
24,2022,9,21,86536.01,497,64726.36,67798,625,59851.44,,,
25,2022,9,20,85330.04,422,55746.21,57724.57,523,51897.59,,,
26,2022,9,19,68763.09,338,46498.24,51056.4,479,45907.97,,,
27,2022,9,18,3237.83,5,511.92,,,,,,
28,2022,9,17,87169.53,549,75344.12,38683.71,386,36647.18,,,
29,2022,9,16,87169.53,549,75344.12,38683.71,386,36647.18,,,
30,2022,9,15,44123.86,269,36965.92,16964.84,166,16091.39,,,
31,2022,9,14,19367.78,87,10628.01,13764.54,131,13309.4,,,
32,2022,9,13,16972.38,94,10682.55,12491.09,123,11630.58,,,
33,2022,9,11,1128.22,4,433.3,,,,,,
34,2022,9,10,1726.83,4,476.36,,,,,,
35,2022,9,9,7527.44,63,6480.83,2633.79,29,2592.23,,,
36,2022,9,8,2133.89,14,1538.47,1869.87,18,1809.65,,,
37,2022,9,7,4279.15,28,3980.95,1912.32,16,1796.99,,,
38,2022,9,6,1637.04,9,1197.43,1755.52,19,1723.96,,,
39,2022,9,5,627.62,4,437.48,2648.03,23,2585.27,,,
40,2022,9,4,2731.92,17,2236.48,,,,,,
41,2022,9,3,5335.22,3,265.44,,,,,,
42,2022,9,2,12942.6,10,1151.34,2228.98,22,2199.37,,,
43,2022,9,1,37286.32,238,28254.4,43705.98,480433,40081.17,,,
44,2022,8,31,111890.12,711,89294.53,49723.12,480,46285.26,,,
45,2022,8,30,104154.21,619,81359.62,54690.63,480,47560.01,,,
46,2022,8,29,125690.98,764,105069.13,70585.28,678,63934.66,,,
47,2022,8,28,22655.31,147,18594.34,,,,,,
48,2022,8,27,41423.59,10,1111.58,9428.4,85,8633.53,,,
49,2022,8,26,93390.94,556,74633.5,67503.94,625,60229.65,,,
50,2022,8,25,74479.11,452,58771.81,68761.04,624,60673.04,,,
51,2022,8,24,85164.67,472,59323.91,73430.24,687,66647.82,,,
52,2022,8,23,155067.83,843,111142.82,66002.01,665,59949.37,,,
53,2022,8,22,75058.74,437,55878.56,76017.72,762,69850.08,,,
54,2022,8,20,6918.52,5,575.87,7395.38,69,6695.68,,,
55,2022,8,19,70815.59,389,52969.048,65863.71,630,59535.42,,,
56,2022,8,18,98077.18,468,58128.68,70872.99,655,62087.37,,,
57,2022,8,17,98077.18,636,81056.21,74345.11,685,64879.44,,,
58,2022,8,16,58165.42,321,37376.47,66502.46,616,58625.31,,,
59,2022,8,15,97718.21,483,63567.66,87416.85,855,79847.63,,,
60,2022,8,14,7719.23,,,,,,,,
61,2022,8,13,6896.63,6,619.06,9651.46,96,8938.88,,,
62,2022,8,12,99865.18,552,72232.07,70291.16,675,63988.6,,,
63,2022,8,11,104286.3,545,69083.76,74137.42,685,65853.57,,,
64,2022,8,10,73717.36,391,51909.11,64113.37,606,59952.46,,,
65,2022,8,9,78216.67,380,46936.52,69763.88,671,63828.3,,,
66,2022,8,8,86752.68,427,58255.19,80221.77,758,72832.05,,,
67,2022,8,6,2724.28,4,424.95,6718.07,63,6181.86,,,
68,2022,8,5,106360.17,631,81867.2,58346.76,589,53008.61,,,
69,2022,8,4,134804.09,628,80959.91,61255.02,529,56069.79,,,
70,2022,8,3,160321.21,980,129721.22,61279.86,561,55705.07,,,
71,2022,8,2,95084.18,507,64524.55,74120.3559149.86,576,55213.42,,,
72,2022,8,1,66849.81,371,47147.11,74120.35,717,68338.51,,,
73,2022,7,31,17256.54,128,12579.14,498.18,4,498.18,,,
74,2022,7,30,7328.9,17,1877.01,8345.38,87,7815.87,,,
75,2022,7,29,135884.94,972,123886.6,64874.22,619,59633.99,,,
76,2022,7,28,92426.11,488,61802.66,76375.83,730,68795.13,,,
77,2022,7,27,174168.86,1173,151657.74,72856.6,718,67101.19,,,
78,2022,7,26,102487.69,673,83081.88,72016.92,706,67717.46,,,
79,2022,7,25,152289.67,976,122481.25,96794.25,922,88539.35,,,
80,2022,7,24,10966.27,45,6113.99,489.91,3,429.62,,,
81,2022,7,23,27489.73,178,21290.18,11617.64,104,10240.57,,,
82,2022,7,22,98951.61,603,77491.92,74469.18,739,68323.89,,,
83,2022,7,21,149079.26,987,126836.02,75276.22,735,69917,,,
84,2022,7,20,123790.62,827,103253.19,75492.58,752,70226.69,,,
85,2022,7,19,130858.3,737,99255.86,81989.12,805,75798.92,,,
86,2022,7,18,114494.96,740,85845.09,87626.76,871,80861.73,,,
87,2022,7,17,23079.51,5,470.05,,,,,,
88,2022,7,16,26637.08,98,8492.86,12436.47,119,12186.95,,,
89,2022,7,15,93353.91,550,68359.3,80281.96,853,78263.66,,,
90,2022,7,14,165589.43,992,135887.08,88298.51,885,82640.21,,,
91,2022,7,13,136218.48,830,111210.55,85292.19,846,78733.86,,,
92,2022,7,12,124140.76,757,100444.15,84446.93,841,76672.03,,,
93,2022,7,11,169293.11,958,130065.71,100786.24,936,87509.04,,,
94,2022,7,10,14297.42,7,617.8,,,,,,
95,2022,7,9,17070.67,3,272.25,9760.6,92,8941.63,,,
96,2022,7,8,119130.55,739,97949,83226.91,777,73949.08,,,
97,2022,7,7,120712.09,730,98752.31,86723.49,824,78705.95,,,
98,2022,7,6,75149.86,411,52255.21,82688.09,804,74456.21,,,
99,2022,7,5,114884.37,549,71797.67,80676.59,786,72217.46,,,
100,2022,7,4,128119.16,733,100433.16,92407.26,934,84962.77,,,
101,2022,7,3,12786.09,6,932.31,,,,,,
102,2022,7,2,9915.21,11,1093.87,9009.63,88,8338.85,,,
103,2022,7,1,48473.83,230,27956.67,72895.88,716,67188.56,,,
104,2022,6,30,97547.11,531,67804.28,84086,830,76313.77,,,
105,2022,6,29,103593.74,589,76671.79,84565.76,780,76548.7,,,
106,2022,6,28,115701.43,650,83942.98,83792.73,833,76800.65,,,
107,2022,6,27,163020.83,831,110501.15,108638.76,1052,99716.97,,,
108,2022,6,26,23566.54,111,14337.06,,,,,,
109,2022,6,25,33701.83,185,23511.11,13162.9,128,12195.23,,,
110,2022,6,24,182923.68,1061,139605.89,85049.57,731,71579.58,,,
111,2022,6,23,84058.25,506,62198.27,84059.66,846,78263.66,,,
113,2022,6,22,114551.87,457,58800.36,90282.92,818,79037.41,,,
114,2022,6,21,97475.87,463,59596.74,90926.86,887,83516.52,,,
115,2022,6,20,129844.23,727,98179.08,96357.17,970,89551.92,,,
116,2022,6,19,13251.17,5,518.38,61.86,1,61.86,,,
117,2022,6,18,23232.59,14,1447.74,7828.13,69,6777.09,,,
118,2022,6,17,84616.61,454,59014.36,87367.53,875,81767.38,,,
119,2022,6,16,113863.99,636,84135.17,90072.89,857,81109.01,,,
120,2022,6,15,99628.29,519,68447.27,92760.99,860,10311.28,,,
121,2022,6,14,82113.35,427,54580.47,92624.03,897,83082.99,,,
122,2022,6,13,99967.19,553,69195.43,88453.14,871,82163.14,,,
123,2022,6,12,5225.82,7,704.48,,,,,,
124,2022,6,11,5995.9,9,907.05,10671.38,88,8984.33,,,
125,2022,6,10,111408.1,684,89088.49,76027.91,735,69294.92,,,
126,2022,6,9,86353.15,458,57472.11,83450.14,755,70148.04,,,
127,2022,6,8,111941.12,641,79481.08,73312.33,702,64696.43,,,
128,2022,6,7,1120980.75,812,90552.01,65969.63,576,55125.49,,,
129,2022,6,6,109664.14,612,79666.1,67056.59,616,59372.73,,,
130,2022,6,5,9531.17,15,1822.44,0,,,,,
131,2022,6,4,5304.01,7,719.83,0,,,,,
132,2022,6,3,9780.63,42,4428.59,0,,,,,
133,2022,6,2,113373.22,481,65970.23,50866.54,480,45358.17,,,
134,2022,6,1,46904.03,225,29625.22,45941.07,440,42026.27,,,
135,2022,5,31,126977.79,715,88960.95,50422.6,467,44445.04,,,
136,2022,5,30,134230.68,806,97980.9,71214.46,613,59996.95,,,
137,2022,5,29,10542.74,3,330.65,,,,,,
138,2022,5,28,17876.24,24,2444.5,6571.71,57,5354.47,,,
139,2022,5,27,134151.34,456,55678.28,60275.45,540,50015.56,,,
140,2022,5,26,146015.66,559,71562.05,55542.65,524,50331.08,,,
141,2022,5,25,106431.61,604,75164.14,50092.89,417,39310.99,,,
142,2022,5,24,80837.42,396,49765.78,72887.22,669,62179.79,,,
143,2022,5,23,170158.23,581,73242.58,79154.63,768,71784.07,,,
144,2022,5,22,5140.24,4,457.06,,,,,,
145,2022,5,21,8858.1,11,1098.11,8760.46,77,7826.37,,,
146,2022,5,20,121187.68,715,89635.27,67122.25,640,60092.41,,,
147,2022,5,19,79778.41,293,37938.57,58113.21,580,52088.35,,,
148,2022,5,18,91975.8,463,59621.51,61905.19,603,56353.42,,,
149,2022,5,17,79207.89,420,51751.79,61138.8,570,53852.58,,,
150,2022,5,16,132869.95,744,97517.01,74373.76,692,63589.85,,,
151,2022,5,15,10198.38,4,474.88,,,,,,
152,2022,5,14,27589.39,9,1163.25,12319.63,112,11438.3,,,
153,2022,5,13,130201,671,48196.08,67142.56,634,61107.94,,,
154,2022,5,12,104876.23,542,68368.93,68793.59,678,63624.23,,,
155,2022,5,11,65662.19,359,46497.21,58064.47,566,50884.69,,,
156,2022,5,10,106011.83,608,70909.13,66418.04,655,59191.51,,,
157,2022,5,9,105098.2,544,69073.37,74413.3,675,63747.33,,,
158,2022,5,8,11174.83,12,1211.56,,,,,,
159,2022,5,7,111349.13,566,72121.23,63122.39,556,52065.33,,,
160,2022,5,6,74894.59,389,46857.78,70514.97,713,64972.37,,,
161,2022,5,5,102572.54,466,59953.88,71260.01,640,60594.56,,,
162,2022,5,4,16152.21,108,12480.15,,,,,,
163,2022,5,3,6433.12,0,0,5,3,,,,
164,2022,5,2,23757.68,5,545.26,,,,,,
165,2022,5,1,4607.91,10,972.93,,,,,,
166,2022,4,30,15662.05,11,1424.05,,,,,,
167,2022,4,28,134331.31,689,81846.75,60485.51,569,54715.15,,,
168,2022,4,27,136071.77,734,85305.9,59975.83,548,51357.36,,,
169,2022,4,26,112912.01,527,67684.86,76395.02,745,68579.02,,,
170,2022,4,25,117450.63,450,57413.56,70159.2,633,58378.82,,,
171,2022,4,24,99151.13,570,75218.85,72548.55,699,65329.15,,,
172,2022,4,23,40501.27,173,24052.41,,,,,,
173,2022,4,22,103577.94,569,74918.46,74589.71,715,66813.89,,,
174,2022,4,20,140966.04,711,84584.45,59793.98,584,53513.03,,,
175,2022,4,19,95634.52,491,61132.36,63409.13,602,55140.3,,,
176,2022,4,18,133561.55,679,89173.33,70807.79,664,61152.58,,,
177,2022,4,17,33835.86,200,23010.07,,,,,,
178,2022,4,16,31049.21,11,1023.14,10080.65,94,8906.88,,,
179,2022,4,15,87767.38,452,58361.4,62814.62,602,56683.34,,,
180,2022,4,14,96298.83,550,70117.31,68408.66,638,59287.02,,,
181,2022,4,13,118808.67,566,70076.21,68445.63,666,62724.45,,,
182,2022,4,12,92367.47,486,61149.21,62592.55,593,55649.29,,,
183,2022,4,11,115537.81,677,86043.93,80809.83,805,72624.72,,,
184,2022,4,10,52201.64,7,785.78,,,,,,
185,2022,4,9,11660.76,9,889.11,8599.73,73,7481.25,,,
186,2022,4,8,75179.43,338,42796.04,49482.49,457,42491.34,,,
187,2022,4,7,117836.17,643,81616.66,60036,587,54421.7,,,
188,2022,4,6,127091.59,743,100312.11,60685.16,592,55213.02,,,
189,2022,4,5,11374.92,13,1625.59,0,0,0,,,
190,2022,4,4,6818.73,7,764.6,,,,,,
191,2022,4,3,11584.57,4,454.94,,,,,,
192,2022,4,2,124966.73,457,56243.83,62194.38,581,56983.03,,,
193,2022,4,1,85393.03,427,51826.04,48808.41,473,43126.69,,,
194,2022,3,31,103631.95,521,62555.21,61850.02,595,54412.37,,,
195,2022,3,30,88103.19,550,68663.77,62476.46,642,58145.01,,,
196,2022,3,29,81196.95,461,57311.01,62419.15,600,54976.29,,,
197,2022,3,28,100577.29,494,100577.29,69232.27,686,62067.55,,,
198,2022,3,27,14036.48,5,519.68,,,,,,
199,2022,3,26,9691.84,12,1421.91,8158.2,84,7332.39,,,
200,2022,3,25,173717.02,576,73823.77,77943.25,620,56350.23,,,
201,2022,3,24,111996.93,603,78261.44,60299.36,593,54394.5,,,
202,2022,3,23,104803.13,496,63374.76,65016.07,604,55692.73,,,
203,2022,3,22,108704.02,542,69328.29,58779.32,542,49084.96,,,
204,2022,3,21,106174.81,564,74219.88,71916.46,750,65851.16,,,
205,2022,3,20,12700.84,14,1596.49,,,,,,
206,2022,3,19,23970.63,125,14156.07,8889.57,78,7013.15,,,
207,2022,3,18,90077.17,432,54405.46,60975.27,597,55319.84,,,
208,2022,3,16,76880.42,420,51749.82,57146.96,577,52149.29,,,
209,2022,3,15,120392.87,427,54531.98,68592.03,608,58296.31,,,
210,2022,3,14,104641.48,547,68757.42,68116.2,657,58260.07,,,
211,2022,3,13,12678.58,4,418.58,,,,,,
212,2022,3,12,10253.78,15,1635.25,8001.05,77,7300.83,,,
213,2022,3,11,129407.42,823,101111.32,70204.01,615,56507.96,,,
214,2022,3,10,106841.52,606,73526.23,67786.61,597,55708.97,,,
215,2022,3,9,109675.24,661,83571.85,54484.18,532,48801.14,,,
216,2022,3,8,67460.41,342,44314.21,51508.45,488,45302.19,,,
217,2022,3,7,120767.68,663,87827.01,65855.16,627,57680.43,,,
218,2022,3,6,19815.79,11,1565.63,,,,,,
219,2022,3,5,19153.85,18,1786.73,9168.44,87,8109.49,,,
220,2022,3,4,120939.79,723,99292.53,54730.34,532,48660.35,,,
221,2022,3,3,127359.68,728,94410.43,55873.27,528,49221.46,,,
222,2022,3,2,124868.61,743,96419.95,50652.63,481,44557.51,,,
223,2022,3,1,92344.22,496,63347.28,45226.48,444,40996.66,,,
224,2022,2,28,135249.97,795,101809.8,63233.24,578,51823.5,,,
225,2022,2,27,9049.69,13,1379.95,,,,,,
226,2022,2,26,13806.8,20,2079.96,6133.29,54,5263.45,,,
227,2022,2,25,93814.23,552,71483.06,49372.1,478,43773.44,,,
228,2022,2,24,166966.29,776,102520.54,48652.14,473,41833.78,,,
229,2022,2,23,85709.36,553,65491.03,51984.26,486,342569.06,,,
230,2022,2,22,113690.38,591,75731.5,47826.37,425,39446.15,,,
231,2022,2,21,129930.03,777,100795.84,62687.32,591,54937.35,,,
232,2022,2,20,28712.55,16,1770.15,,,,,,
233,2022,2,19,27128.64,10,1144.76,6754.02,59,6155.97,,,
234,2022,2,18,107465.51,640,81230.98,49468.19,465,43453.09,,,
235,2022,2,17,114613.61,671,87650.94,58752.95,447,49865.72,,,
236,2022,2,16,115630.2,757,96875.68,46943.12,443,40081.16,,,
237,2022,2,15,91233.64,548,71326.36,44502.43,411,37725.68,,,
238,2022,2,14,121820.86,813,103275.7,59649.27,538,51026.43,,,
239,2022,2,13,11198.21,18,1973.53,,,,,,
240,2022,2,12,8664.87,11,1118.55,6954.59,62,5844.47,,,
241,2022,2,11,98599.16,605,79412.59,43420.18,413,38797.18,,,
242,2022,2,10,78598.37,523,64605.14,42862.52,416,39176.16,,,
243,2022,2,9,99823.26,597,85124.26,42592.85,431,39366.18,,,
244,2022,2,8,101479.02,543,83051.02,38042.3,364,35090.23,,,
245,2022,2,7,48714.72,313,40984.55,19057.8,181,17223.33,,,
246,2022,2,6,4438.91,10,1010.14,0,0,0,,,
247,2022,2,5,338.65,1,87.33,0,0,0,,,
248,2022,2,4,1867.4,3,376.89,0,0,0,,,
249,2022,2,2,127.79,0,0,0,0,0,,,
250,2022,2,1,116.29,0,0,0,0,0,,,
251,2022,1,30,24329.59,122,15217.88,10519.67,108,9743.06,,,
252,2022,1,28,129601,500,63486.54,25214.04,237,22447.55,,,
253,2022,1,27,101887.99,602,76002.59,35317.31,283,27338.36,,,
254,2022,1,26,110939.08,604,76002.59,44909.36,396,38080.9,,,
255,2022,1,25,131004.22,753,95091.03,54117.61,456,45049.2,,,
256,2022,1,24,146698.65,855,111405,68636.03,645,59610.84,,,
257,2022,1,23,10765.81,15,1333.54,,,,,,
258,2022,1,22,18933.16,62,6497.63,5730.4,53,5129.41,,,
259,2022,1,21,139358.51,847,112098.8,53259.04,492,46693.02,,,
260,2022,1,20,126262.77,620,80542.49,68508.91,566,52727.85,,,
261,2022,1,19,125947.95,758,91882.76,71330.2,599,56031.41,,,
262,2022,1,18,115226.81,651,79310.06,70487.8,558,51906.87,,,
263,2022,1,16,10889.67,17,1832.18,,,,,,
264,2022,1,15,17368.97,24,2481.79,9907.78,88,8726.6,,,
265,2022,1,14,161064.61,962,115532.06,68905.29,632,59243.45,,,
266,2022,1,13,148581.84,874,116590.49,81555.09,699,67066.32,,,
267,2022,1,12,108778.06,569,73003.56,77707.4,678,63270.25,,,
268,2022,1,11,159950.32,833,111859,90166.53,761,73344.41,,,
269,2022,1,10,26107.1,1681,237547.17,118640.5,1033,101395.4,,,
270,2022,1,9,13872.24,40,3646.88,,,,,,
271,2022,1,8,26107.1,62,6671.92,14378.24,139,12772.2,,,
272,2022,1,7,290384.85,1866,264398.67,20348.55,193,18018.59,,,
273,2022,1,6,108972.69,871,80691.74,6094.23,66,5564.26,,,
274,2022,1,5,93663.5,715,68758.24,4925.96,52,4444.53,,,
275,2022,1,4,45711.49,229,27845.15,9029.68,77,8106.53,,,
276,2022,1,3,3112.57,7,665.71,,,,,,
277,2022,1,2,23060.24,12,1262.91,,,,,,
278,2022,1,1,24802.48,4,398.39,,,,,,
279,2021,12,31,226892.45,896,108471.81,44434.14,408,38262.16,,,
280,2021,12,30,152226.15,825,99450.96,59866.58,575,52129.76,,,
281,2021,12,29,202290,1078,145574.21,61314.52,566,54383.92,,,
282,2021,12,28,172685.52,752,99219.49,64892.06,572,54519.95,,,
283,2021,12,27,185699.62,687,84380.53,71109.62,637,59341.47,,,
284,2021,12,26,24368.02,8,797.6,,,,,,
285,2021,12,25,19251.67,24,2331.74,8384.8,76,7415.49,,,
286,2021,12,24,153100.73,341,40830.39,56754.79,539,49969.46,,,
287,2021,12,23,103993.88,471,58721.5,52286.6,510,45955.45,,,
288,2021,12,22,129229.49,624,76005.96,58513.87,542,50404.04,,,
289,2021,12,21,109500.48,493,59751.26,51316.93,482,45701.8,,,
290,2021,12,20,112015.72,535,64365.49,68604.12,624,57219.02,,,
291,2021,12,19,47635.31,177,19248.7,,,,,,
292,2021,12,18,179198.77,74,7254.31,9670.61,86,8706.39,,,
293,2021,12,17,362621.21,941,120352.86,56565.33,489,46773.9,,,
294,2021,12,16,1207243.41,2919,341218.51,56414.7,514,47813.75,,,
295,2021,12,15,382355.01,647,78691.77,58871.99,525,49609.47,,,
296,2021,12,14,178039.7,379,45041.5,53351.86,490,44961.03,,,
297,2021,12,13,209855.64,552,70862.58,63264.47,586,55217.31,,,
298,2021,12,12,39355.99,27,2900.18,,,,,,
299,2021,12,11,35224.01,67,7049.93,9505.43,95,8644.55,,,
300,2021,12,9,145953.58,623,78187.19,50619.57,504,46615.36,,,
301,2021,12,9,109795.48,611,74975.02,56548.22,514,47752.22,,,
302,2021,12,8,128033.65,743,94258,56172.23,535,49693.56,,,
303,2021,12,7,131073.07,679,88732.28,56677.02,522,48759.4,,,
304,2021,12,6,168603.22,853,118363.77,63856.58,579,53429.18,,,
305,2021,12,5,12080.65,20,2355.5,,,,,,
306,2021,12,4,19580.62,23,2663.63,7268.59,68,6339,,,
307,2021,12,3,156767.84,651,84238.55,50714.58,461,43858.35,,,
308,2021,12,2,143476.47,796,112332.35,29163.77,262,26529.54,,,
309,2021,12,1,113496.2,604,73569.7,48641.51,454,43318.21,,,
310,2021,11,30,94172.2,397,48674.81,56968.25,532,48020.97,,,
311,2021,11,29,151418.41,770,104244.48,63923.12,539,50808.81,,,
312,2021,11,28,15397.45,25,2684.59,,,,,,
313,2021,11,27,29861.52,72,7727.44,11083.88,99,8990.06,,,
314,2021,11,26,195179.38,1066,154743.4,54457.93,455,42339.17,,,
315,2021,11,25,121891.68,566,68066.42,56144.84,531,49686.61,,,
316,2021,11,24,113687.25,480,58270.55,63903.98,537,49263.68,,,
317,2021,11,23,108490.73,546,64130.79,29754.25,266,26406.33,,,
318,2021,11,22,126565.12,620,76666.52,46717.52,463,42184.73,,,
319,2021,11,21,8956.2,1,111.54,,,,,,
320,2021,11,20,20276.01,23,2437.88,9127.06,81,7777.86,,,
321,2021,11,19,101581.42,413,48027.56,52242.53,465,45019.05,,,
322,2021,11,18,116025.77,610,68434.44,42983.42,412,37646.17,,,
323,2021,11,17,113859.11,665,76028.42,12534.86,105,10374.04,,,
324,2021,11,16,98058.97,576,65517.47,12723.3,103,9632.74,,,
325,2021,11,15,103472.75,648,76465.9,10925.86,91,8644.3,,,
326,2021,11,14,15384.47,38,4088.34,,,,,,
327,2021,11,13,16866.55,18,1945.1,825.81,6,651.66,,,
328,2021,11,12,98158.15,578,68751.77,10760.21,73,6953.55,,,
329,2021,11,11,108839.62,628,78234.84,13474.41,70,6727.89,,,
330,2021,11,10,78224.35,459,54944.41,7588.05,70,6829.94,,,
331,2021,11,9,105387.84,606,76559.07,9112.79,80,7722.82,,,
332,2021,11,8,119935.99,550,73992.52,12392.39,100,10225.77,,,
333,2021,11,7,10867.26,18,2022.48,,,,,,
334,2021,11,6,8068.45,24,2643.67,371.97,3,257.73,,,
335,2021,11,5,107262.7,595,75562.76,13182.16,97,2547.32,,,
336,2021,11,4,135099.84,632,77713.03,13312.69,106,10382.33,,,
337,2021,11,4,135099.84,632,77713.03,13312.69,106,10382.33,,,
338,2021,11,3,139951.99,747,99253.27,13474.59,114,10651.33,,,
339,2021,11,2,131688.99,687,90485.18,15076.73,132,12420.89,,,
340,2021,10,29,14917.18,19,1978.46,1714.08,16,1420.39,,,
341,2021,11,1,112443.05,487,61991.14,15167.55,125,11882.73,,,
342,2021,10,31,17385.98,23,2596.31,,,,,,
343,2021,10,29,80318.71,341,38021.71,10964.22,85,8477.31,,,
344,2021,10,28,108657.88,545,60854.29,16171.15,133,13028.22,,,
345,2021,10,28,109605.08,476,55480.27,13525.74,115,10773.39,,,
346,2021,10,26,96991.4,435,49604.6,15010.31,128,12017.8,,,
347,2021,10,25,116971.15,603,68127.93,14679.47,132,12071.57,,,
348,2021,10,24,13650.69,14,1821.83,,,,,,
349,2021,10,23,16751.53,31,2972.05,733.15,7,679.87,,,
350,2021,10,22,79934.11,326,36686.38,15242.82,126,12565.03,,,
351,2021,10,21,111929.09,460,53057.01,13908.74,128,11681.52,,,
352,2021,10,20,138463.83,549,63674.32,11714.28,97,8922.75,,,
353,2021,10,19,96503.75,514,61342.68,17303.56,147,13815.16,,,
354,2021,10,18,123214.44,667,83222.62,17085.12,143,13287.67,,,
355,2021,10,11,150705.49,732,93659.74,18980.4,168,15545.93,,,
356,2021,10,7,13989.03,12,1083.17,0,0,0,,,
357,2021,10,6,11595.01,10,946.5,0,0,0,,,
358,2021,10,5,10988.31,3,333.94,0,0,0,,,
359,2021,10,4,64231.2,27,2720.35,0,0,0,,,
360,2021,10,3,5004.64,7,703.31,0,0,0,,,
361,2021,10,2,16604.06,2,192.5,0,0,0,,,
362,2021,10,1,31748.42,14,31748.42,0,0,0,,,
363,2021,9,30,91278.16,450,49286.13,13177.66,110,11463.94,,,
364,2021,9,29,108080,510,65932.93,13487.13,109,10972.21,,,
365,2021,9,28,139142.37,603,73390.08,17579.59,138,15375.98,,,
366,2021,9,27,120740.35,545,67312.05,16440.61,128,11763.82,,,
367,2021,9,26,132313.34,664,84042.66,15460.86,124,11427.9,,,
368,2021,9,25,33469.66,51,5075.94,,,,,,
369,2021,9,24,222506.14,549,65183.87,16737.64,119,12091.14,,,
370,2021,9,23,118018.6,665,81694.46,16380.67,128,11601.2,,,
371,2021,9,22,156950.08,867,111755.98,17454.66,158,14777.87,,,
372,2021,9,21,7486.34,3,308.26,0,9,21,,,
373,2021,9,18,158446.59,838,109917.84,9465.06,86,7694.61,,,
374,2021,9,17,360703.11,3766,328645.54,13816.82,112,11047.27,,,
375,2021,9,16,212397.12,1439,167912.14,16066.41,138,12872.18,,,
376,2021,9,15,171268.64,1151,133426.09,14793.63,110,11074.64,,,
377,2021,9,14,161608.28,987,121195.64,14565.13,113,11473.6,,,
378,2021,9,13,180838.22,1113,144436.56,15329.04,134,12835.01,,,
379,2021,9,10,214508.39,1143,153640.35,17750.54,108,11084.48,,,
380,2021,9,9,130297.35,767,96523.03,12418.02,111,10524.15,,,
381,2021,9,8,122240.99,676,79695.06,16407.33,127,12498.21,,,
382,2021,9,7,131873.4,704,86282.63,17904.69,122,11584.13,,,
383,2021,9,6,155883.61,966,118841.47,13939.3,118,11660.29,,,
384,2021,9,5,17376.09,11,1419.18,,,,,,
385,2021,9,3,160158.98,955,126420.83,11186.27,106,9249.78,,,
386,2021,9,2,136047.43,892,101368.9,12286.3,110,9736.75,,,
387,2021,9,1,147918.91,364,43688.04,12329.7,112,9919.18,,,
388,2021,8,31,112688.66,611,74314.33,14819.59,111,10560.01,,,
389,2021,8,30,99377.05,524,58285.24,18943.03,163,16126.28,,,
390,2021,8,29,13289.3,21,2438.99,,,,,,
391,2021,8,28,24460.62,43,4185.34,1990.72,19,1914.96,,,
392,2021,8,27,117602.17,625,78066.69,14699.1,129,11981.35,,,
393,2021,8,26,134839.06,735,89959.03,16360.23,142,14565.22,,,
394,2021,8,25,123147.96,655,87001.67,20598.09,163,16209.2,,,
395,2021,8,24,137198.15,638,73528.15,17883.05,168,16140.73,,,
396,2021,8,23,117416.55,640,73817.07,19687.29,179,17208.65,,,
397,2021,8,22,21722.83,26,2704.28,,,,,,
398,2021,8,21,20565.89,15,1806.92,1558.41,13,1423.14,,,
399,2021,8,20,138839.06,812,94053.15,17831.08,160,14905.98,,,
400,2021,8,19,190063.33,1237,152420.27,14904.65,138,13405.6,,,
401,2021,8,18,129201.88,583,71713.15,16797.99,141,13671.57,,,
402,2021,8,17,121404.6,575,70238.29,18465.01,173,16272.56,,,
403,2021,8,16,133249.71,39,66803.57,20194.92,179,17155.4,,,
404,2021,8,15,14202.31,9,957.03,,,,,,
405,2021,8,14,25544.39,39,5933.07,1172.84,12,1067.98,,,
406,2021,8,13,123696.6,690,83451.13,15876.17,157,14001.27,,,
407,2021,8,12,134503.66,696,88235.95,16982.4,152,14160.48,,,
408,2021,8,11,135671.38,779,95057.64,19453.39,173,16343.16,,,
409,2021,8,10,156879.09,815,16627.93,16627.93,142,14333.68,,,
410,2021,8,9,211132.06,1193,16085.67,1526.31,149,14314.76,,,
411,2021,8,8,17214.16,28,2887.33,,,,,,
412,2021,8,7,41018.88,36,4644.14,1526.31,14,1440.99,,,
413,2021,8,6,158311.51,826,105749.27,19192.27,166,16766.3,,,
414,2021,8,5,143961.64,872,109714.3,19375.01,150,16601.45,,,
415,2021,8,4,136301.79,831,104426.15,14660.9,129,12739.18,,,
416,2021,8,3,147557.95,602,79736.74,17664.68,146,14711.17,,,
417,2021,8,2,93890.68,393,47268.8,16056.21,146,13542.83,,,
418,2021,8,1,21301.25,26,2898.92,,,,,,
419,2021,7,31,50105.73,153,17243.99,2189.18,15,1945.76,,,
420,2021,7,30,112230.49,539,63338.47,13638.87,121,12217.93,,,
421,2021,7,29,106775.57,563,64761.96,12570.82,119,10974.98,,,
422,2021,7,28,101244.5,486,54810.35,14151.76,122,11900.96,,,
423,2021,7,27,124323.36,557,65892.69,19971.92,185,18014.38,,,
424,2021,7,26,109140.53,550,65830.13,23144.25,197,19738.84,,,
425,2021,7,25,13410.56,28,2664.12,,,,,,
426,2021,7,24,21105.73,37,3726.68,1771.25,18,1614.09,,,
427,2021,7,23,93176.5,431,52198.36,18459.7,166,16066.01,,,
428,2021,7,22,123095.51,525,63421.42,17705.73,148,14428.3,,,
429,2021,7,21,119752.64,724,81072.6,17875.93,173,15999.19,,,
430,2021,7,20,89959.34,417,48780.64,20296.64,167,15552.75,,,
431,2021,7,19,163572.43,985,130594.39,22644.21,189,18766.25,,,
432,2021,7,18,23536.22,86,10512.1,,,,,,
433,2021,7,17,37165.91,77,9057.48,3232.01,26,2901.12,,,
434,2021,7,16,230275.49,1449,187202.43,18794.56,161,15833.84,,,
435,2021,7,15,179707.61,1004,136845.69,20748.97,172,17070.32,,,
436,2021,7,14,194970.63,962,134331.61,17767.69,143,14280.45,,,
437,2021,7,13,134029.55,721,91392.14,21904,160,16094.43,,,
438,2021,7,12,120969.02,698,88155.85,20498.05,171,15992.32,,,
439,2021,7,11,17708.13,39,4150.93,,,,,,
440,2021,7,10,18794.67,34,3469.32,2910.31,23,2623.83,,,
441,2021,7,9,145126.17,793,98087.62,19382.22,157,16564.25,,,
442,2021,7,8,129064.69,786,90590.37,19869.55,139,14466.12,,,
443,2021,7,7,111720.4,633,76283.48,17486.05,155,15045.77,,,
444,2021,7,6,164028.39,872,114715.88,15609.08,133,12509.61,,,
445,2021,7,5,218049.55,1332,162246.1,18496.34,169,15225.14,,,
446,2021,7,4,16336.56,45,4503.95,,,,,,
447,2021,7,3,39365.94,65,7613.38,3109.19,18,2046.62,,,
448,2021,7,2,227783.13,1149,144744.92,16786.03,148,14621.37,,,
449,2021,7,1,183202.53,883,113932.77,26316.01,163,17281.97,,,
450,2021,6,30,202209.13,997,121141.23,13886.13,125,11382.21,,,
451,2021,6,28,146368.54,727,91937.14,18722.89,164,15097.19,,,
452,2021,6,27,19258.69,56,6012.54,,,,,,
453,2021,6,26,23899.95,66,7407.01,2075.71,18,1915.76,,,
454,2021,6,25,128346.21,720,83145.55,22185.33,140,14224.72,,,
455,2021,6,24,107409.1,580,67121.34,18148.79,151,14481.38,,,
456,2021,6,23,136647.17,659,81583.17,21544.9,190,17975.62,,,
457,2021,6,22,129328.17,615,73536.38,17903.47,170,15449.89,,,
458,2021,6,21,112137.85,628,76300.8,23903.32,196,19498.47,,,
459,2021,6,20,18786.45,20,2091.36,,,,,,
460,2021,6,19,28296.44,50,6487.1,1112.52,12,1047.14,,,
461,2021,6,18,133952.52,759,88069.22,20165.78,181,18163.65,,,
462,2021,6,17,146664.89,803,102992.16,24296.96,162,16111.73,,,
463,2021,6,16,137779.94,701,86304.53,20169.59,176,17027,,,
464,2021,6,15,226522.04,823,100690.44,24792.57,216,21091.38,,,
465,2021,6,15,226522.04,823,100690.44,24792.57,216,21091.38,,,
466,2021,6,14,14007.68,27,3057.12,,,,,,
467,2021,6,13,16951.86,25,2804.23,,,,,,
468,2021,6,12,23008.93,37,4281.25,,,,,,
469,2021,6,11,112705.44,624,75749.4,18977.4,173,17018.19,,,
470,2021,6,10,123237.41,630,76805.8,19865.04,140,13252.7,,,
471,2021,6,9,131990.23,773,91418.31,23682.83,184,20184.19,,,
472,2021,6,8,136232.04,763,94676.91,18334.61,164,15056.18,,,
473,2021,6,7,139772.1,815,100812.89,23745.58,216,20071.06,,,
474,2021,6,6,17045.95,52,5130.9,,,,,,
475,2021,6,5,14193.84,30,3508.52,1926.76,18,1926.76,,,
476,2021,6,4,143949.82,827,100014.93,23302.01,195,20009.45,,,
477,2021,6,3,184411.12,1182,145212.71,21131.17,170,17463.34,,,
478,2021,6,2,162891.08,994,125618.29,22865.79,175,16543.67,,,
479,2021,6,1,102929.88,516,57694.07,18201.28,162,15767.31,,,
480,2021,5,31,127921.86,804,97012.69,14317.27,141,12529.05,,,
481,2021,5,30,19751.52,31,3413.4,,,,,,
482,2021,5,29,20870.36,77,7974.13,2724.65,24,2612.31,,,
483,2021,5,28,121314.42,614,70717.56,30275.82,196,19608.32,,,
484,2021,5,27,71618.06,452,51128.99,15653.44,129,13220.67,,,
485,2021,5,26,16472.22,110,12206.44,1034.72,12,933.81,,,
486,2021,5,19,103132.69,581,68554.4,14489.53,136,12834.43,,,
487,2021,5,18,122563.12,771,92067.37,19065.78,174,16680.31,,,
488,2021,5,17,121896.46,728,91632.96,31912.87,210,20659.39,,,
489,2021,5,16,14869.83,83,8206.94,,,,,,
490,2021,5,15,24548.84,110,10804.75,2285.1,19,1753.33,,,
491,2021,5,14,107934.15,623,77086.75,19375.35,176,17129.75,,,
492,2021,5,13,104403.35,618,75545.66,19300.38,177,16007.95,,,
493,2021,5,12,149402.79,726,87224.02,20605.81,176,16886.06,,,
494,2021,5,11,134137.99,808,101623.83,21820.46,166,16179.23,,,
495,2021,5,10,127176.01,741,96698.13,21677.4,197,18652.35,,,
496,2021,5,9,17650.8,65,6743.2,77.03,1,77.03,,,
497,2021,5,8,126894.8,659,79928.49,17954.46,170,15691.98,,,
498,2021,5,7,130593.16,835,106707.14,25914.84,205,20240.54,,,
499,2021,5,6,248520.64,1668,223600.73,22021.98,196,18903.95,,,
500,2021,5,5,21933.49,28,3266.18,0,0,0,,,
501,2021,5,4,13068.29,28,2757.86,0,0,0,,,
502,2021,5,3,7059.21,3,311.52,0,0,0,,,
503,2021,5,2,6985.6,26,2905.73,0,0,0,,,
504,2021,5,1,10960.77,36,3653.78,0,0,0,,,
505,2021,4,30,108335.8,574,71227.55,18028.76,160,15409.88,,,
506,2021,4,29,102758.71,592,71267.32,19699,182,18071.15,,,
507,2021,4,28,126015.47,497,57994.65,24533.03,163,16831.37,,,
508,2021,4,27,94831.88,552,66570.61,25954.41,215,21274.46,,,
509,2021,4,26,103060.46,656,75333.05,22260.98,183,18737.27,,,
510,2021,4,25,124976.09,840,106292.06,17957.1,150,14987.81,,,
511,2021,4,24,15256.87,50,5340.67,0,,,,,
512,2021,4,23,141472.96,870,106408.4,23648.55,216,20988.5,,,
513,2021,4,22,113828.09,614,76894.94,24102.33,178,16381.75,,,
514,2021,4,21,125331.03,747,90313.6,21802.74,195,18627.1,,,
515,2021,4,20,106518.7,649,76447.98,21222,191,18219.26,,,
516,2021,4,19,157874.07,868,109846.15,24127.25,227,21092.94,,,
517,2021,4,18,12061.76,34,2911.18,,,,,,
518,2021,4,17,14421.27,85,8158.29,2179.94,20,2042.86,,,
519,2021,4,16,141072.59,887,114118.09,22962.78,187,17159.85,,,
520,2021,4,15,198053.89,1155,152412.22,20839.73,186,18111.05,,,
521,2021,4,14,136097.9,720,93503.06,27951.97,193,18231.42,,,
522,2021,4,13,149958.81,858,113660.44,48627.45,180,18031.8,,,
523,2021,4,12,216865.93,1445,188418.65,19567.54,168,17096.88,,,
524,2021,4,11,15220.54,27,2487.08,,,,,,
525,2021,4,10,13184.77,43,5021.7,1793.98,18,1654.29,,,
526,2021,4,9,182744.32,911,117575.47,23291.68,199,19649.09,,,
527,2021,4,8,153453.65,1009,127552.77,26020.21,182,18784.4,,,
528,2021,4,7,154848.11,1005,130137.06,20422.17,184,17851.06,,,
529,2021,4,6,252476.81,1616,227450.91,26471.2,233,21537.91,,,
530,2021,4,5,9185.03,24,2632.68,,,,,,
531,2021,4,4,9367.65,19,1955.47,,,,,,
532,2021,4,3,15402.13,38,4186.45,0,4,3,,,
533,2021,4,2,334412.47,2187,301285.92,23021.21,170,16530.99,,,
534,2021,4,1,116550.98,585,74600.02,21506.19,189,17137.4,,,
535,2021,3,31,127052.59,737,93006.41,21083.02,179,17148.6,,,
536,2021,3,30,176904.66,1022,131698.38,19807.05,188,17593.11,,,
538,2021,3,29,202526.08,1331,178478.13,25892.77,205,20101.11,,,
539,2021,3,28,20174.65,36,4282.27,,,,,,
540,2021,3,27,21485.61,96,11600.35,2426.86,23,2034.19,,,
541,2021,3,26,109506.08,764,92101.58,22159.31,209,17941.51,,,
542,2021,3,25,172397.4,1075,139857.98,22829.79,180,18152.29,,,
543,2021,3,24,239135.99,1510,203724.25,23634.43,191,19425.95,,,
544,2021,3,23,162848.43,979,128322.93,21137.44,177,17704.16,,,
545,2021,3,22,136990.63,937,110132.44,25080.55,185,18621.57,,,
547,2021,3,21,8447.35,14,1662.06,,,,,,
548,2021,3,20,11545.52,39,4509.69,2609.58,26,2355.97,,,
549,2021,3,19,96836.21,701,76478.71,22024.15,207,19361.23,,,
550,2021,3,18,145205.82,779,95063.1,23028.2,203,19997.79,,,
551,2021,3,17,108662.37,678,82004.7,22447.38,201,20157.46,,,
552,2021,3,16,110872.06,684,83379.91,22585.47,187,18489.35,,,
553,2021,3,15,182754.9,1244,161083.53,21071.07,179,17123.19,,,
554,2021,3,14,17346.6,21,2317.16,,,,,,
555,2021,3,13,17967.98,44,5325.17,4263.53,41,4039.03,,,
556,2021,3,12,112547.05,704,88388.39,21429.5,195,19451.83,,,
557,2021,3,11,135444.58,629,82212.92,23542.14,207,18946.93,,,
558,2021,3,10,136460.23,870,107876.72,22138.19,192,18549.05,,,
559,2021,3,9,128842.83,764,99081.27,21809.68,203,18559.18,,,
560,2021,3,8,102413.13,588,76205.31,18758.43,173,16374.71,,,
562,2021,3,7,17788.27,40,4150.96,,,,,,
563,2021,3,6,19875.27,65,7588.54,4072.58,38,3796.85,,,
564,2021,3,5,93360.62,542,65008.18,19919.64,183,16334.66,,,
565,2021,3,4,151984.99,1030,126923.24,21989.26,206,19068.67,,,
566,2021,3,3,99493.22,613,77896.17,21576.18,182,18970.51,,,
567,2021,3,2,157216.04,900,119049.57,17636,175,15500.09,,,
568,2021,3,1,105927.4,660,76100.56,24335.41,207,19691.25,,,
570,2021,2,28,11676.77,17,1755.73,,,,,,
571,2021,2,27,29138.24,154,20728.23,2042.98,18,1894.53,,,
572,2021,2,26,71159.07,400,47029.98,16136.32,158,14947,,,
573,2021,2,25,94008.14,508,57660.04,19456.84,177,16843.81,,,
574,2021,2,24,111837.96,725,86985.66,18609.74,169,16340.74,,,
575,2021,2,23,86578.28,479,59829.87,19290.11,178,17388.34,,,
576,2021,2,22,99283.37,538,65070.58,20127.45,194,18697.03,,,
577,2021,2,21,17948.86,53,5725.53,0,2,21,,,
578,2021,2,20,46623.94,308,34367.86,18608.02,149,14342.59,,,
579,2021,2,19,59694.72,366,43835.93,19426.43,175,17104.95,,,
580,2021,2,18,34776.93,213,23772.43,12461.32,109,11110.86,,,
581,2021,2,17,6115.74,3,352.92,0,,,,,
582,2021,2,10,68809.8,422,62128.7,5705.55,58,5049.56,,,
583,2021,2,9,82405.63,546,71479.04,13258.77,109,10775.61,,,
584,2021,2,8,104646.78,654,84389.51,17914.08,141,14422.93,,,
585,2021,2,7,115961.01,714,93160.41,19232.07,119,11696.09,,,
586,2021,2,6,25766.64,30,3239.24,0,2,6,,,
587,2021,2,5,114172,627,85243.5,15940.38,151,14295.72,,,
588,2021,2,4,142692.77,928,117739.32,16190.73,141,13867.2,,,
589,2021,2,3,168401.45,1135,143438.9,19584.84,168,17194.32,,,
590,2021,2,2,211520.16,1251,168064.3,33130.12,179,16534.05,,,
591,2021,2,1,169923.78,1124,140895.69,21109.81,182,19049.46,,,
592,2021,1,31,23674.85,26,2711.82,,,,,,
593,2021,1,30,23959.03,63,7699.33,2919.74,27,2854.85,,,
594,2021,1,29,121063.57,621,78331.96,15425.85,129,12641.87,,,
595,2021,1,28,116632.3,655,81977.76,21817.67,179,17964.17,,,
596,2021,1,27,204445.75,1171,145008.49,18228.16,153,14961.27,,,
597,2021,1,26,124858.42,679,82473.44,31621.52,196,18526.93,,,
598,2021,1,25,146982.68,788,100007.75,19915.46,159,15853.17,,,
599,2021,1,24,8479.17,19,1971.69,,,,,,
600,2021,1,23,15866.18,23,2842.98,3559.23,27,3358.02,,,
601,2021,1,21,142367.15,961,120347.87,15843.79,145,13462.79,,,
602,2021,1,16,12878.86,49,5259.69,798.47,9,690.32,,,
603,2021,1,16,12878.86,49,5259.69,798.47,9,690.32,,,
604,2021,1,15,107023.45,691,81212.64,21331.48,155,15167.76,,,
605,2021,1,14,113527.86,595,71648.62,18629.9,165,16118.5,,,
606,2021,1,13,129600.12,783,89804.43,21738.45,185,19416.61,,,
607,2021,1,12,129055.34,751,87936.22,17531.19,147,13775.98,,,
608,2021,1,11,146854.99,959,114534.09,19446.31,172,16647.12,,,
609,2021,1,10,13846.37,43,4305.05,,,,,,
610,2021,1,9,17679.47,52,5836.26,2140.85,19,1743.61,,,
611,2021,1,8,149405.04,858,109375.76,17455.79,140,13942.78,,,
612,2021,1,7,113746.6,699,80983.02,21768.04,151,15048.46,,,
613,2021,1,6,161732.26,968,125599.03,40489.44,154,16649.12,,,
614,2021,1,5,149224.29,886,109917.91,21047.28,182,17889,,,
615,2021,1,4,240018.55,1300,185123.52,24127.71,140,12813.32,,,
616,2021,1,3,8022.65,17,2098.43,0,,,,,
617,2021,1,2,37001.91,16,1761.15,0,,,,,
618,2021,1,1,10467.69,26,2847.79,0,,,,,
619,2020,12,31,122085.53,656,82761.49,26381.34,102,9487.89,,,
620,2020,12,30,147937.81,675,82634.22,15839.03,137,13525.01,,,
621,2020,12,29,128301.95,733,87358.33,20035,146,14183.69,,,
622,2020,12,28,117575.89,658,81756.74,18011.01,132,13488.93,,,
623,2020,12,27,29230.88,13,1381.64,,,,,,
624,2020,12,25,98469.07,539,62312.58,24568.16,177,16953.86,,,
625,2020,12,24,74887.76,450,51424.72,20131.03,170,16126.47,,,
626,2020,12,23,104703.47,597,71264.37,18609.67,163,15170.79,,,
627,2020,12,22,89339.64,491,55823.65,21861.3,198,19018.85,,,
628,2020,12,21,113088.2,642,76845.36,21636.8,181,17324.85,,,
629,2020,12,20,20404.77,30,3596.12,,,,,,
630,2020,12,19,24856.4,47,5358.22,3459.38,24,2869.15,,,
631,2020,12,18,90992.85,479,57866.42,22742.53,159,17424.1,,,
632,2020,12,17,130281,609,71495.81,22205.54,206,19775.72,,,
633,2020,12,16,87823.29,426,53340.62,18089.78,159,15315.57,,,
634,2020,12,15,121988.24,483,60379.47,18477.92,149,13663.44,,,
635,2020,12,14,127961.18,746,96895.72,17108.99,151,14944.83,,,
636,2020,12,13,12873.4,13,1482.58,,,,,,
637,2020,12,11,18534.27,42,4932.14,3108.65,26,2841.77,,,
638,2020,12,11,119990.65,746,87862.14,19427.81,173,16823.89,,,
639,2020,12,10,101467.91,520,64606.43,19665.04,171,16493.76,,,
640,2020,12,9,79691.73,452,53362.07,24781.85,149,15000,,,
641,2020,12,8,73935.33,353,42291.96,15795.92,144,13567.88,,,
642,2020,12,7,134801.64,771,96409.04,22945.09,206,20047.47,,,
643,2020,12,6,21992.81,68,7473.43,0,12,6,,,
644,2020,12,5,16709.01,41,4903.32,1928.17,17,1752.88,,,
645,2020,12,4,95111.18,521,63123.26,23652.43,121,11022.15,,,
646,2020,12,3,123516.42,826,97914.09,23273.93,150,14404.93,,,
647,2020,12,2,210941.19,1313,174795.36,20171.42,157,15987.3,,,
648,2020,12,1,139367.53,815,95624.5,14120.35,134,12305.97,,,
649,2020,11,30,5895.23,48,5411.21,389.19,3,310.73,,,
650,2020,11,28,16570.41,36,4417.02,2881.96,17,1891.96,,,
651,2020,11,27,103512.19,593,71119.07,10740.14,76,8094.17,,,
652,2020,11,26,100531.39,579,69939.44,21146.94,176,17611.54,,,
653,2020,11,25,94181.13,514,61401.66,22377.27,208,20080.55,,,
654,2020,11,24,89913.24,551,21429.06,21429.06,168,16577.41,,,
655,2020,11,23,119359.91,625,73264.15,16899.22,143,14835.49,,,
656,2020,11,22,14937.95,45,5641.1,,,,,,
657,2020,11,21,15815.51,49,5509.1,2845.54,19,2459.21,,,
658,2020,11,20,106805.13,578,68342.08,21914.02,165,16787.75,,,
659,2020,11,19,130477.74,731,91679.91,21058.82,184,18249.97,,,
660,2020,11,18,109070.58,678,80363.49,22773.57,168,15632.29,,,
661,2020,11,17,104352.42,629,74457.91,20506.03,193,17724.09,,,
662,2020,11,16,121951.66,788,97840.2,19714.07,180,17151.36,,,
663,2020,11,15,10205.34,14,1525.31,,,,,,
664,2020,11,14,17765.18,63,6913.04,2555.87,24,2452.91,,,
665,2020,11,13,119572.07,688,84626.67,17032.66,155,14475.3,,,
666,2020,11,12,185437.23,1045,123164.13,21203.66,186,17638.22,,,
667,2020,11,11,156095.96,839,96965.87,28190.46,172,15823.01,,,
668,2020,11,10,145316.53,892,106462,22652.79,170,16964.51,,,
669,2020,11,9,168809.14,912,120179.46,20750.52,189,18131.27,,,
670,2020,11,8,12130.69,39,4140.36,,,,,,
671,2020,11,7,14200.3,46,5182.93,3839,30,3297.48,,,
672,2020,11,6,127227.79,768,95030.9,22158.94,168,15981,,,
673,2020,11,5,161059.41,779,95854.84,17616.37,147,15658.86,,,
674,2020,11,4,122000.04,703,81161.32,29266.11,156,14816.67,,,
675,2020,11,3,191536.96,1256,142099.05,20860.11,167,15871.67,,,
676,2020,11,2,71381.64,336,43190.99,4581.62,40,4093.13,,,
677,2020,11,1,25357.49,41,4757.69,,,,,,
678,2020,10,31,21085.99,61,6844.58,2660.03,26,2440.46,,,
679,2020,10,30,131272.97,647,78815.14,18185.88,161,15700.97,,,
680,2020,10,29,106868.71,588,72257.16,16561.55,147,14603.99,,,
681,2020,10,28,114098.58,671,80799.89,19628.38,153,15808.93,,,
682,2020,10,27,141936.74,912,107153.82,22529.87,185,19717.21,,,
683,2020,10,26,160132.47,914,112611.4,21906.3,183,17639.38,,,
684,2020,10,25,15800.87,50,5716.67,25,50,,,,
685,2020,10,24,20335.47,68,7213.19,3125.43,29,2763.56,,,
686,2020,10,23,128352.91,708,85179.62,20421.38,170,16969.98,,,
687,2020,10,22,139549.92,852,97316.91,41050.87,180,17548.02,,,
688,2020,10,21,125098.39,795,94471.84,18929.04,173,16344.25,,,
689,2020,10,20,88885.14,483,57648.13,25188.07,207,20031.46,,,
690,2020,10,19,144062.9,848,108226.16,24822.5,223,22296.78,,,
691,2020,10,18,17193.72,44,4359.91,,,,,,
692,2020,10,17,18333.45,48,4979.86,4278.66,44,4090.36,,,
693,2020,10,16,121420.32,739,92336.94,23705.86,209,20416.83,,,
694,2020,10,15,156534.77,1003,118050.29,27267.02,174,17129.44,,,
695,2020,10,14,9469.68,16,2300.95,2639.92,22,2346.1,,,
696,2020,10,13,62213.95,368,47544.72,21850.02,178,17497.14,,,
697,2020,10,12,19949.62,55,7362.41,4556.1,33,3471.24,,,
698,2020,9,30,147822.22,855,104161.61,19280.36,190,17400.46,,,
699,2020,9,29,208975.95,1352,169610.39,20987.1,178,17990.54,,,
700,2020,9,28,127416.87,845,99743.62,22581.57,194,19793.09,,,
701,2020,9,27,141913.66,883,109921.57,20309.72,183,17279.66,,,
702,2020,9,26,22412.03,107,11653.52,,,,,,
703,2020,9,25,131924.37,798,98757.36,22163.8,198,18616.15,,,
704,2020,9,24,144493.85,834,99103.14,21805.05,171,16584.14,,,
705,2020,9,23,141464.75,843,104275.84,20373.53,175,16245.36,,,
706,2020,9,22,142772.29,899,106786.39,18263.96,172,15696.42,,,
707,2020,9,21,147930.31,842,102398.09,20094.05,182,17685.14,,,
708,2020,9,20,18690.65,78,8701.94,,,,,,
709,2020,9,19,36510.15,151,16954.28,4017.78,35,3505.8,,,
710,2020,9,18,157132.52,1043,122172.45,14417.88,119,11315.19,,,
711,2020,9,17,142437.71,877,104600.91,23274,184,17774.5,,,
712,2020,9,16,162508.91,795,92714.93,17996.64,156,14154.88,,,
713,2020,9,15,113563.57,696,80725.08,16466.96,143,13817.26,,,
714,2020,9,14,120123.88,723,91070.51,25948.14,231,21998.04,,,
715,2020,9,13,14908.44,48,5311.69,,,,,,
716,2020,9,12,18130.02,83,9186.12,4923.58,42,4528.17,,,
717,2020,9,11,104277.74,663,83255.01,20990.7,201,18341.7,,,
718,2020,9,9,132391.7,746,94896.28,19953.52,179,17522.42,,,
719,2020,9,9,137782.64,833,104096.78,20108.5,169,17350.14,,,
720,2020,9,8,107829.86,688,85222.44,21536.54,203,18612.21,,,
721,2020,9,7,156787.47,1008,132080.1,24765.74,229,21892.76,,,
722,2020,9,6,18413.7,51,5761.84,,,,,,
723,2020,9,5,12507.88,27,2865.79,5173.62,48,4951.06,,,
724,2020,9,4,137058.96,794,99534.86,21605.15,196,19381.16,,,
725,2020,9,3,131955.62,740,93853.95,23384.15,197,17668.94,,,
726,2020,9,2,151687.47,962,124093.26,20843.31,187,17168.46,,,
727,2020,9,1,146940.9,927,111505.82,15000.93,117,12166.9,,,
728,2020,8,31,100563.28,595,70571.17,17617.83,168,15586,,,
729,2020,8,30,15661.17,29,3314.96,,,,,,
730,2020,8,29,23843.03,114,12532.13,4664.01,47,4394.26,,,
731,2020,8,28,97707.73,565,66736.28,21527.02,176,17185.38,,,
732,2020,8,27,103857.4,648,77746.34,22320.34,197,18872.31,,,
733,2020,8,26,130979.33,770,89444.27,26800.97,227,22149.83,,,
734,2020,8,25,110580.86,750,87627.31,25093.67,209,87627.31,,,
735,2020,8,24,127419.91,818,101928.42,22436.03,167,17292.19,,,
736,2020,8,23,14964.86,4366.76,53,,,,,,
737,2020,8,22,21539.63,111,12466.25,4365.34,43,4081.82,,,
738,2020,8,20,127521.82,803,99944.71,24359.39,218,20883.62,,,
739,2020,8,20,123456.51,762,90956.12,21175.13,203,18781.4,,,
740,2020,8,19,106906.84,676,86136.18,17789.58,160,15951.19,,,
741,2020,8,18,134215.2,741,95162.35,24705.63,188,18134.83,,,
742,2020,8,17,139965.94,907,115483.33,18522.19,151,15317.88,,,
743,2020,8,16,12640.48,50,5315.73,,,,,,
744,2020,8,15,26355.72,88,8978.95,4361.92,40,4078.92,,,
745,2020,8,14,127804.05,805,103540.85,27272.51,230,22139.91,,,
746,2020,8,13,181221.04,1209,149649.41,22648.28,204,19479.13,,,
747,2020,8,12,217648.67,1479,189406.44,21501.18,195,18912.63,,,
748,2020,8,11,139671.87,853,110100.71,18864.86,168,16004.41,,,
749,2020,8,10,142414.92,921,112101.73,31138.86,234,22052.94,,,
750,2020,8,9,29077.97,54,5309.24,,,,,,
751,2020,8,8,28115.23,126,14405.47,6489.84,52,5876.48,,,
752,2020,8,7,168817.44,1165,137844.93,19774.21,194,17631.78,,,
753,2020,8,6,136885.92,746,91445.64,38031.15,173,17745.14,,,
754,2020,8,5,158390.32,989,123197.3,24921.76,219,22356.06,,,
755,2020,8,4,137268.97,846,103171.55,23276.23,215,20848.08,,,
756,2020,8,3,194002.92,1220,163266.47,23083.91,188,18239.6,,,
757,2020,8,2,18558.14,41,4843.21,,,,,,
758,2020,8,1,19102.59,55,6100.61,6448.05,58,6061.44,,,
759,2020,7,31,73088.3,367,43359.75,11204.7,100,9470.88,,,
760,2020,7,30,113764.67,618,74639.82,21274.96,166,16480.21,,,
761,2020,7,29,82052.45,502,59123.61,20802.77,176,16940.47,,,
762,2020,7,28,80330.09,465,57855.63,21110.77,170,16170.35,,,
763,2020,7,27,102670.82,527,65558.37,22835.3,149,14117.56,,,
764,2020,7,26,15788.29,47,5122.93,,,,,,
765,2020,7,25,12785.53,28,2926.66,3604.49,34,3361.94,,,
766,2020,7,24,110686.15,587,71500.16,25445.8,217,21915.7,,,
767,2020,7,23,98239.99,535,62761.59,25439.74,239,23152.49,,,
768,2020,7,22,100614.51,615,70831.99,28668.84,233,24347.69,,,
769,2020,7,21,92977.99,518,61337.99,20970.75,184,18271.01,,,
770,2020,7,20,163277.16,1001,129111.11,27831.26,248,24186.33,,,
771,2020,7,19,16528.96,66,6994.23,,,,,,
772,2020,7,18,19160.19,58,6577.32,5404.96,47,5038.03,,,
773,2020,7,17,153776.11,916,117214.02,27727.94,232,23927.59,,,
774,2020,7,16,138215.13,840,101186.92,28171.66,212,19759.31,,,
775,2020,7,15,112513.6,722,87170.22,24810.4,208,20685.97,,,
776,2020,7,14,127222.83,862,103926.24,18679.38,174,17257.56,,,
777,2020,7,13,94929.66,600,76037.57,32035.68,228,23248.45,,,
778,2020,7,12,18381.21,36,4083.51,,,,,,
779,2020,7,11,25774.77,53,5514.34,6633.6,55,6049,,,
780,2020,7,10,135097.37,820,98024.1,23827.2,218,21764.35,,,
781,2020,7,9,160849.76,1035,129325.64,25854.45,227,21954.11,,,
782,2020,7,8,112104.44,623,83723.98,45908.32,220,21163.45,,,
783,2020,7,7,124877.12,712,93941.05,29378.37,246,24311.6,,,
784,2020,7,6,138938.06,862,108781.64,29465.51,237,22743.11,,,
785,2020,7,5,11273.38,20,2199.47,,,,,,
786,2020,7,4,20818.88,110,12371.45,6032.09,61,5858.46,,,
787,2020,7,3,139670.41,829,109422.82,29600.16,252,26748.05,,,
788,2020,7,2,216188.17,1300,178260.7,26007.09,219,22060.89,,,
789,2020,7,1,76804.28,383,45962.35,28241.6,233,22622.18,,,
790,2020,6,30,145072.98,468,57993.66,29048.93,221,21520.48,,,
791,2020,6,29,89257.19,536,60941.67,29320.86,262,25328.86,,,
792,2020,6,28,90359.12,563,64014.66,26532.1,245,22544.63,,,
793,2020,6,27,20381.32,35,3713.57,0,0,0,,,
794,2020,6,26,12140.76,35,3888.58,0,0,0,,,
795,2020,6,24,118029.32,705,91227.4,25990.47,222,21999.79,,,
796,2020,6,23,97592.37,540,66661.71,29383.25,258,24587.47,,,
797,2020,6,22,128269,751,93447.27,33952.33,259,26609.47,,,
798,2020,6,21,16227.87,42,4631.43,0,0,0,,,
799,2020,6,20,18768.59,37,5115.38,5935.04,55,5463.43,,,
800,2020,6,19,109010.48,684,80481.5,32579.17,244,23935.53,,,
801,2020,6,18,118738.61,666,85157.08,26712.73,218,20073.55,,,
802,2020,6,17,163108.21,972,120395.77,26559.73,230,22929.5,,,
803,2020,6,16,117344.8,739,90343.07,27282.94,235,22306.39,,,
804,2020,6,15,160884.4,1105,134951.62,32665.63,245,22712.31,,,
805,2020,6,14,25128.38,46,4929.93,0,,,,,
806,2020,6,13,17949.21,48,5268.58,4989.03,50,4549.05,,,
807,2020,6,12,108861.29,695,84475.05,42333.48,275,27930.4,,,
808,2020,6,11,132182.9,896,106422.84,29160.09,241,24269.52,,,
809,2020,6,10,116988.58,715,89676.49,27274.01,231,22985.28,,,
810,2020,6,9,131559.61,814,102437.14,28980.41,261,24661.06,,,
811,2020,6,8,181253.36,1158,143428.55,29841.85,260,25845.2,,,
812,2020,6,7,16015.37,33,3758.81,,,,,,
813,2020,6,6,20736.88,48,5112.11,10705.78,54,6094.59,,,
814,2020,6,5,182191.18,1280,157167.61,29115.03,226,22264.09,,,
815,2020,6,4,164502.47,1206,139051.8,29329.36,258,25228.87,,,
816,2020,6,3,156635.24,1083,132712.7,36078.37,261,25141.61,,,
817,2020,6,2,146277.47,981,116645.78,31427.35,255,25761.93,,,
818,2020,6,1,105992.83,669,78674.63,36414.19,272,25948.85,,,
819,2020,5,31,18106.86,53,5729.87,,,,,,
820,2020,5,30,21537.38,98,10962.46,6044.63,60,5657.86,,,
821,2020,5,29,142169.63,785,88908.66,29897.05,249,24511.83,,,
822,2020,5,28,154118.08,1065,119111.01,29332.92,248,23235.69,,,
823,2020,5,27,170618.68,1172,137081.3,26636.32,243,23187,,,
824,2020,5,26,151429.15,1017,122688.45,29830.99,277,25680.93,,,
825,2020,5,25,132564.38,783,95935.41,28350.48,232,23750.61,,,
826,2020,5,24,9537.8,21,2135.15,,,,,,
827,2020,5,23,15928.78,51,5560.21,4831.4,46,4367.32,,,
828,2020,5,22,155359.74,1012,115286.34,31928.4,287,28483.4,,,
829,2020,5,21,178609.86,1150,131863.2,32995.4,273,28093.34,,,
830,2020,5,20,163894.68,1033,124379.01,64220.91,238,23611.88,,,
831,2020,5,19,136581.59,794,90340.63,36527.29,272,26652.43,,,
832,2020,5,18,157825.64,1035,125885.15,54416.04,302,29730.12,,,
833,2020,5,17,15186,42,4517.44,,,,,,
834,2020,5,16,23542.7,77,8268.38,5258.63,52,5112.93,,,
835,2020,5,15,129065.46,763,93409.01,31697.85,274,27239.91,,,
836,2020,5,14,134128.08,753,91278.1,28013.89,232,23164.72,,,
837,2020,5,13,148698.79,707,86457.58,25108.25,231,22604.48,,,
838,2020,5,12,144534.42,956,112103.9,26844.68,249,24410.09,,,
839,2020,5,11,127977.34,820,93579.89,29606.22,258,24796.5,,,
840,2020,5,10,18970.45,90,8429.31,,,,,,
841,2020,5,9,118513.7,743,86680.64,20714.04,199,18038.52,,,
842,2020,5,8,91034.3,511,60711.93,27014.74,237,22124.21,,,
843,2020,5,7,141416.54,816,100502.36,36452.06,243,23170.34,,,
844,2020,5,6,144534.42,956,112103.9,26844.68,249,24410.09,,,
845,2020,5,5,13857.03,49,5456.07,0,,,,,
846,2020,5,3,8748.79,25,2730.16,,,,,,
847,2020,5,2,11535.54,38,4347.52,,,,,,
848,2020,5,1,9784.73,27,2834.17,,,,,,
849,2020,4,30,82867.82,445,50355.55,23618.17,206,20800.54,,,
850,2020,4,29,120056.83,779,88142.38,28065.74,265,25060.88,,,
851,2020,4,28,114118.89,712,86243.05,26941.13,234,22834.84,,,
852,2020,4,27,76176.54,409,47846.69,29560.16,260,25487.58,,,
853,2020,4,26,119556.81,829,96340.08,25764.04,241,22714.68,,,
854,2020,4,25,39796.76,258,27482.24,0,,,,,
855,2020,4,24,101149.93,575,70036.63,30713.68,236,24771.59,,,
856,2020,4,23,111859.68,758,91491.14,27747.38,257,23349.66,,,
857,2020,4,22,110337.53,707,82359.95,30956.69,229,22625.95,,,
858,2020,4,21,111298.87,646,36622.37,33893.56,280,28365.17,,,
859,2020,4,20,162138.92,1094,134958.87,36014.59,245,22975.16,,,
860,2020,4,19,32667.03,227,25323.85,,,,,,
861,2020,4,18,22444.48,100,11043.62,6257.58,54,5621.81,,,
862,2020,4,17,119231.89,705,84640.88,37664.06,348,33310.21,,,
863,2020,4,16,109108.14,631,76266.47,30865.92,230,23066.5,,,
864,2020,4,15,180374.12,1111,147933.19,29304.67,236,23072.06,,,
865,2020,4,14,111832.43,642,82964.63,45441.05,248,22635.98,,,
866,2020,4,13,172889.77,1156,147766.26,33327.77,263,25596.93,,,
867,2020,4,12,12193.03,41,4357.79,,,,,,
868,2020,4,11,31787.13,195,23842.46,6428.16,58,5912.76,,,
869,2020,4,10,120458.9,829,97240.51,21262.79,176,17165.74,,,
870,2020,4,9,87199.27,468,55394.32,28138.1,228,23078.58,,,
871,2020,4,8,133967.77,911,102424.46,31037.07,246,23391.47,,,
872,2020,4,7,87038.2,529,64025.92,26742.54,251,23903.84,,,
873,2020,4,6,10721.57,40,4091.87,,,,,,
874,2020,4,5,5007.36,16,1846.09,,,,,,
875,2020,4,4,9847.68,23,2506.5,,,,,,
876,2020,4,3,127683.37,491,58098.61,23722.62,219,20955.04,,,
877,2020,4,2,78816.98,459,54203.55,22578.22,200,18951.15,,,
878,2020,4,1,61441.18,274,31445.85,19492.99,170,16915.18,,,
879,2020,3,31,75297.83,387,42734.15,19342.69,167,15371.05,,,
880,2020,3,30,76952.87,503,58093.16,25859.23,225,21397.89,,,
881,2020,3,29,13583.72,36,4292.6,,,,,,
882,2020,3,29,13583.72,36,4292.6,0,,,,,
883,2020,3,28,21370.14,81,9378.21,3844.38,38,3604.06,,,
884,2020,3,27,102966.91,579,70532.76,43543.93,199,18545.25,,,
885,2020,3,26,101723.74,543,64522.1,36545.39,161,15435.7,,,
886,2020,3,25,91963.55,531,65889.75,21909.47,209,19490.55,,,
887,2020,3,24,95445.03,562,70670.4,21246.96,196,18691.74,,,
888,2020,3,23,100764.88,645,82025.79,20678.11,183,17141.03,,,
889,2020,3,20,100764.88,654,82025.79,16112.15,147,14075.91,,,
890,2020,3,19,91581.42,562,68744.74,14718.92,110,10348.28,,,
891,2020,3,18,99943.46,632,75568.82,21984.69,135,13020.71,,,
892,2020,3,17,107230.93,680,81644.29,19439.73,168,17107.18,,,
893,2020,3,16,126541.46,815,101726.47,24575.5,161,14902.97,,,
894,2020,3,15,10205.65,36,3886.13,,,,,,
895,2020,3,14,19426.24,97,10126.59,2885.96,29,2740.53,,,
896,2020,3,13,92460.69,623,71681.25,17553.2,150,13697.6,,,
897,2020,3,12,93607.98,677,78252.92,12801.4,90,8816.3,,,
898,2020,3,11,103836.79,731,84584.17,13633.49,121,12141.85,,,
899,2020,3,10,84402.64,603,70143.9,26474.53,127,11637.36,,,
900,2020,3,9,150378.28,1045,125229.01,14667.54,131,12146.84,,,
901,2020,3,8,9730.97,30,3289.21,,,,,,
902,2020,3,7,22816.11,107,12536.2,2645.46,24,2645.46,,,
903,2020,3,6,64855.2,460,53329.77,11127.1,105,10048.59,,,
904,2020,3,5,104253.95,776,88897.38,15745.36,134,12589.95,,,
905,2020,3,4,77498.03,489,54326.68,10176.06,101,8759.46,,,
906,2020,3,3,80759.74,552,62158.86,16434.02,119,10977.47,,,
907,2020,3,2,87945.55,543,66774.41,13276.58,118,12101.06,,,
908,2020,3,1,13689.84,27,2560.55,,,,,,
909,2020,2,29,16449.74,70,7861.82,1552.08,14,1450.23,,,
910,2020,2,28,75052.06,437,54953.09,8897.99,87,8072.84,,,
911,2020,2,26,67193.72,413,50677.32,10610.92,92,9046.64,,,
912,2020,2,26,74874.01,474,58000.95,4666.38,40,3889.92,,,
913,2020,2,25,75627.71,566,64912.32,8174.26,76,7060.76,,,
914,2020,2,24,75400.08,546,66910.27,6387.2,56,5977.81,,,
915,2020,2,23,5206.22,19,2075.28,,,,,,
916,2020,2,22,36692.49,318,35531.15,434.06,6,434.06,,,
917,2020,2,21,27333.84,221,25303.51,3942.82,40,3578.21,,,
918,2020,2,20,49220.11,419,46839.79,4637.63,36,3707.99,,,
919,2020,2,7,11724.37,84,9838.81,2117.96,21,1889.52,,,
920,2020,2,6,17865.98,142,16691.01,2541.17,22,2457.36,,,
921,2020,2,5,20513.7,151,19745.71,1324.46,12,1304.45,,,
922,2020,2,4,17656.42,138,15634.07,2202.33,22,1987.34,,,
923,2020,2,3,7702.56,24,3185.57,3215.16,27,3028.91,,,
924,2020,1,23,24898.11,173,23358.74,5494.36,59,5340.51,,,
925,2020,1,22,77526.97,497,61360.16,13042.11,116,10883.99,,,
926,2020,1,20,126514.14,820,107569.94,33938.16,222,22173.89,,,
927,2020,1,19,144799.29,814,116710.33,38724.39,337,33656.39,,,
928,2020,1,18,26211.66,102,11069.99,2140.34,20,1967.46,,,
929,2020,1,17,139131.64,758,101256.06,40638.37,366,35657.23,,,
930,2020,1,16,154185.79,1000,128795.35,50721.92,395,38650.32,,,
931,2020,1,15,144415.06,916,115198.03,37161.82,342,32866.06,,,
932,2020,1,14,215997.14,1242,155228.04,46644.48,410,39178.57,,,
933,2020,1,13,156208.89,889,127645.9,54852.31,501,48080.44,,,
934,2020,1,12,19963.79,47,5171.59,1967.04,18,1865.58,,,
935,2020,1,11,28744.11,91,10765,14026.97,125,12241.16,,,
936,2020,1,9,112255.36,621,73285.68,51105.94,447,42999.1,,,
937,2020,1,3,158844.76,896,111893.37,44332.68,430,40879.16,,,
938,2020,1,2,141170.04,843,102552.25,48527.92,412,39603.63,,,
939,2020,1,1,16231.85,76,8945.55,969.25,9,897.26,,,
